,Example,Gold Label,Prediction
0,Just nearly cried in the tesco express because they didnâ€™t have the cheese pizza or the back up pizza I wanted. My mental stability is strong today.,1,0
1,we need to normalise having absolutely fried bleach damaged hair. people should talk about this,1,0
2,It would be nice if my body would let me sleep...,1,0
3,considering crowd surfing the next time the hallways are too packed,1,0
4,The numbers talking to me!,1,0
5,As a woman I dont need hobbies dreams or goals cause I can spend all my time wondering why he didnt text back crying into a bag of doughnuts,1,0
6,Really looking forward to the day when all my calls/texts don't involve depressing updates. #cancersucks,0,1
7,"the media really likes the word 'allegedly', i've found.",0,1
8,I accidentally made butter when trying to whip cream this morning and I think thatâ€™s a great representation of how Iâ€™ve reached my capacity for working from home,1,0
9,"As if I didn't know this anyway!
I'm an Owl according to the #BBCBodyClock quiz â€“ what are you? <link>",1,0
10,Original pandemic baby bc I got swine flu xx,0,1
11, is it acceptable for students to study in your stores? what are the general rules? thank you!,0,1
12,Joey the genius! I wish i was as brainy as him #towie,1,0
13,Ah yes. After a decent birthday it is now time to stress out about money again.,0,1
14,bad romance by lady gaga is the best song to ever come out of the american music industry and anyone who says otherwise is a liar,1,0
15,For so long Americans condemned greedy businessmen but made that their sole reason to elect #Trump. #POTUS #Greed,0,1
16,Itâ€™s really very selfish of Silverstone to be saying the 2022 Grand Prix is 1/7-3/7 cause my holiday year starts on 1/7 and I would have to use a day of this years holiday allowance to go. I should have been consulted really ğŸ˜µâ€ğŸ’«ğŸ˜µâ€ğŸ’«ğŸ˜µâ€ğŸ’«,1,0
17,Repeatedly saying â€œIâ€™m the least racist person in this roomâ€ is a great indication that you are racist #Debates2020,0,1
18,Greenwood best youngster in the league btw,0,1
19,Daily reminder that youâ€™re fucking dumb if you â€œdonâ€™t believeâ€ in the vaccine,0,1
20,Between Mikey cooking and Didi cooking for me I relaxing ğŸ˜  cooking?? I donâ€™t know her,1,0
21,"My PS4 Pro has P.T on it, which is somewhat funny as it was taken down before the PS4 Pro was even released #konami #PT #SilentHills #Spooky #PlayableTeaser #Kojima",1,0
22,I canâ€™t wait to hear more about the life of an upper middle class East Asian American whose only personality trait is drinking boba tea <link>,1,0
23,my car is acting up AGAIN for like the 3rd year in a row and Iâ€™m just going to drive it into the river at the point,1,0
24,"Remember that time when I was grieving and realized I've been wearing the same shirt for three days? Good, me either.",0,1
25,next person that puts beomsil on my tl has to deal w me crying on the floor,1,0
26,They should just put a wall around the pitch to stop the ball going out,1,0
27,Mad how many cars they make now without indicators ğŸ™ƒ,1,0
28,I never thought Iâ€™d have a mortal enemy but itâ€™s whoever keeps printing on blue paper and then leaving like 5-10 blue sheets in the math room copier when theyâ€™re done for the next unsuspecting person,1,0
29,2 x sand eating toddlers for sale. No previous owners. DM for details x,1,0
30,havenâ€™t written in months cuz there are no male teachers to impress ğŸ˜£,1,0
31,"ever just peep fox to see what crazy tuck is saying? tonight, i am learning that fauci actually funded the creation of covid in a lab and is solely responsible for the pandemic",1,0
32,the manliest thing I can think of is when the men from the World Cup passionately sing their national anthem,1,0
33,Andrews really trying to explain to me that football and rupauls drag race arenâ€™t the same thing when it in fact is the same thing.,1,0
34,Omg thank u for pointing out that I apologize too much ğŸ™,1,0
35, Reviewer 2: this is a very weak paper that fails proof of concept. Stating a cat bed is also a wizard's hat is totally wrong and your data cannot support this,1,0
36,Gonna go cry now some no face told me to lose weight x,1,0
37,My work email isnâ€™t working so I can just log off for the day right? ğŸ™„,1,0
38,Accidentally made a friend in ASL today. I hate when that happens.,1,0
39,iâ€™m sure 14 year old me would be delighted to know that 22 year old me is still getting stressed over websites crashing for bandsğŸ™ƒ,1,0
40,itâ€™s always the girls I donâ€™t even know that wanna talk about me 24/7 :) I love my fans :),1,0
41,Actually considering applying for the undateables,1,0
42,why is butter so extraordinary,0,1
43,"Doggo owners have started walking the dogs around the technology park I work on and I can see them all from my desk. 

This is the only positive of working from the office",0,1
44,Turnover is the best band to cry to/drive to/daydream to/fall asleep to/ reminisce to/die to,1,0
45,"My dad just said to me, â€œHey, youâ€™re kinda skinny, can you slip behind the fridge to look at something?â€ and it might be the nicest compliment Iâ€™ve ever gotten. So guys, go tell your girl you think sheâ€™s kinda skinnyğŸ¥°",1,0
46,"Canâ€™t wait to get home take a big ass antihistamine and roll in some topical steroids.

Damn it, skin! What did I ever do to you?!?!",1,0
47,Big day in the Mumford house #sports day,1,0
48,"me: trying to sleep slightly earlier than usual bc I feel like shit 
my friend, texting the group chat 13 separate times at nearly 4am: hello I donâ€™t think so! how abt I tell u abt how bad things are going instead :)",1,0
49,"Using an educator discount, I receive 20% off Manga at BandN. This is the only reason I am a teacher.",1,0
50,You know you live in a city when you refer to crumbs as â€œroach snacks.â€,0,1
51,  Why do so many educationally subnormal Trump supporters really think Alaska is not part of the US?,0,1
52,Just had a flashback about a boy and nearly threw up in my mouth,1,0
53,  You can choose not to play a player. Thatâ€™s no different in any squad anywhere in the world.,0,1
54,"Whoeverâ€™s toddler ass sprayed the entire toilet backstage, I hope you stub your toe and bite your tongue really hard. also you were clearly dehydrated, go drink some damn water like an adult",1,0
55,People who think cancel culture goes too far never learned about excommunication,1,0
56,"Serious question: if I nick a car and elope to Gretna Green to shut my family up, how long will I do in prison? Can I finish my PhD there? Think I've got a plan, lads...",1,0
57,everyone say a prayer to the insurance gods that they approve my heart monitor so that i may continue to have the privilege of being alive. i love the US health care system,1,0
58,Running on 2 hours of sleep the past 2 days ğŸ¥´,0,1
59,accepted for beat the chasers audienceâœ… level up âœ…,0,1
60,is it illegal to discriminate against someone on the basis that they have a joker tattoo,1,0
61,"Stimulus checks should come with hand lotion, a face mask, and a bonus for every Instagram bingos you do",1,0
62,"Dora: Where do we go next?
Avery: I ALREADY TOLD YOU, THE TALL MOUNTAIN!! *groans in frustration at Dora's Alzheimer's*",0,1
63,its 3 30 am and I have decided the only redeeming quality of a male is that I can put my freezing cold toes on him and leach his warmth,1,0
64,When you get woken up at 3am because of aftershocks from an earthquake ğŸ‘ğŸ˜©,1,0
65,day 5 of people being mad about ellen sitting by gw bush is when we'll finally get to the bottom of this,1,0
66,  worst timeline,1,0
67,tanning in this heat is an extreme sport,1,0
68,woke up to my dog sneezing on my face. Howâ€™s your day going so far?,0,1
69,"Heard a rumor that Baja Blast is coming to stores and regardless if anything else I hope for in life falls through, at least I'll have this.",1,0
70,I really hate the new TikTok voice over voice - she sound annoying af,1,0
71,Keanu reeves is killing his role in ozark season 3,1,0
72,The typhoon flew over me today absolutely fuming they forgot to bomb me,1,0
73,so many people pressed that italy won sorry eurovision belongs to the bisexuals now x #Eurovision,1,0
74,"Duodenum, Jejunum, and Ilium would be cute names for triplets, donâ€™t @ me",1,0
75,  Donâ€™t run it on a school-provided laptop,1,0
76,Remember the hundred emails from companies when Covid started getting real? Iâ€™ve gotten three in regards to support for protests. And only  shared helpful links and actually said black lives matter... we love capitalism ğŸ¥°ğŸ™ŒğŸ¼,1,0
77,Being 20 years old and going to concerts with my mom means I can scream all the no-no lyrics bc iM aN aDuLt,1,0
78,Petition to call erections social dickstanding,1,0
79,"Lucky for  , only MVPs get tossed for those kinds of fouls #76ers #ATLvsPHI #hawks #NBAPlayoffs",1,0
80,"an 8 year old just complimented my shoes in passing, what does that mean",0,1
81,"Synthwave communities really love pessimism don't they haha
Any upbeat energy and people get upset at ya",1,0
82,why is the weather having a mid life crisis,1,0
83,"Man-spider. The story of a spider who's bitten by a human and now has the powers of a human. Working in an office, wasting money on artisan coffee, and giving up his bus seat to a woman who turns out not to be pregnant, but just ""likes sandwiches you a-h*le"".
#IntoTheSpiderVerse",1,0
84,"Top 3 ranked video games of all time:

1. Minecraft
2. Roblox Paintball
3. Every single Just Dance",1,0
85,wish i could understand string theory without knowing math..... alas i guess i am too hot for conceptual physics,1,0
86,My boyfriends 4 year old son now likes BeyoncÃ©. #myjobisdonehere,0,1
87,"always remember thank your Alexa, just in case the AI take over one day",1,0
88,NOT OLIVIA RODRIGO TRAITOR IN THE BACKGROUND #LoveIsland,1,0
89,Man PepsiCo loves to add 750g of sugar to a mixture of their existing flavors of sodas and call it a new flavor of dew or Pepsi...,1,0
90,Hearing Kendrick Perkins refer to Alec Burks as Alecs Burk like heâ€™s attorneys general &gt;&gt;&gt;&gt;,1,0
91,Canâ€™t wait to watch Phillip schofield opening his gin advent calendar every morning again,0,1
92,safe to say my life is a lot better <link> <link>,1,0
93,"I just read, ""oftenly"" and threw up in my mouth a little.",1,0
94,Men will literally fake an injury on the football field instead of going to therapy,1,0
95," Few links for you. To summarise, wearing face masks seems to be more effective than not. Who'da thunk...",1,0
96,if i saw a capybara in person id probably throw up,0,1
97, Thanks for the update. No need to rush take your time :),0,1
98,I've been doing physics for 40 minutes I think I deserve a break ğŸ˜‚ğŸ˜‚ğŸ˜‚ğŸ˜­ I'm never going to get it all done at this rate,1,0
99,First proper Coffee in 4 months.,0,1
100,cant wait to dance with harry styles and the delta variant at their concert in november!!,1,0
101,somebody tell these birds to be quiet because they not listening to me,1,0
102,Itâ€™s so easy to have the best day until someone lies to your face ğŸ¥°â¤ï¸ğŸ˜­,1,0
103,What happened to unbiased journalism ,1,0
104,"The best part of going out, is waking up at 2PM the next morning wondering whether you're dead or not and what day it is. ğŸ˜‚ğŸ˜³ğŸ˜€",1,0
105,"I recovered a repressed memory today of working at  in high school 13 years ago and having to answer the phone as â€œwe go all out at Kum and Go, this is Shelby. How can I help you?â€ And the prank calls that led to. Pretty sure KandG owe me therapy.",1,0
106, one of them smonks weed so it's super worth it /s,1,0
107,   Surely youâ€™re not suggesting that their own thorough investigation of their own suspected &lt;fraud&gt; (which found no evidence for said &lt;fraud&gt;) was carried out with anything but the very  highest levels of integrity? Seems completely legit to meâ€¦,1,0
108,South Park being taken off Hulu is the worst thing thatâ€™s happened to me personally in 2020 and like.. my dad died,1,0
109,remember when everyoneâ€™s feeds were just retweeted giveaways looool those were the days,1,0
110,i love ingesting poison and then wondering why my tummy is rumbling the next morning,1,0
111,Just gotta realize no ones interested in what I have to say ğŸ‘Œ,1,0
112,breaking my strict buying hiatus to get lisaâ€™s album? itâ€™s much more likely than youâ€™d think,1,0
113,Wow great album from Kanye. v John Cage 4â€™43 vibes x,1,0
114,"Mad how a bit of fake tan makes you feel like a new person. Like a more confident, bronzed person ğŸ‘¸ğŸ»",0,1
115,"I hurt my foot like 3 days ago,  I have no idea how, but it hurts to put pressure on it. Love that for me",1,0
116,"Iâ€™ve spent a thousand dollars in four days and the vet has given me an estimate that it will be an additional thousand over the next couple months for treatment 

Your generosity has been so helpful, I appreciate everyone whoâ€™s helped however they can!",0,1
117,Random thought: how are â€œbutt dialâ€ and â€œbooty callâ€ such different things yet so similar in wordage?,0,1
118,Every time you complain about neopronouns or xenogenders we add five more,1,0
119,iâ€™m going to cut off contact with every single person i know and emerge in a few months o a year from now having lost the ability to physically speak but be able to play the meanest fucking accordion youâ€™ve ever heard in your pathetic little life,1,0
120, Easily one of the worst and most damaging takes for both trans AND cis women I have seen thus far. Congrats on reaching new levels of awful lmao,1,0
121, But what were the ratings??  (Replied to his Tweet with the same thing.),1,0
122,Agreeing with the right to dunk on the centre is the real dialectical materialism,1,0
123,"It would be a real shame if people shared this around and filled it with fake info. People should definitely not do that ğŸ˜‰
<link>",1,0
124,"Wow. Liam Neeson is coming across as a rational man,isn't he!!?",1,0
125,"""I'm concerned about the environmental impact of my contact lenses,"" says the occasional daily wearer, throwing their Starbucks cup in the test room bin.",1,0
126,"Men love making women think they were the problem when they finally decide to leave after putting up with mistreatment for god knows how long 

â€œYou were supposed to be my ride or die ğŸ˜©â€

Okay, so die then.",1,0
127," Thanks Alex, I'm happy with my results :)",0,1
128,"Christopher Biggins, a Poundland Mrs Twanky, is sharing his expert knowledge on the EU and Brexit. Canâ€™t wait for his take on the Middle Eastâ€™s geopolitical situation. <link>",0,1
129,Iâ€™ve always known #Bez is my spirit animal but seeing the mess he makes on  confirms it 100% what a legend that man is,1,0
130,"ğŸŒ¶ Spiced Coconut curry ğŸ¥¥

.
A weekend spent with friends brings a week of content... or something like that ğŸ˜œ

.
Started the weekend off with this yummy morsel, With was a fusion of miso sesame aubergine ğŸ†, broccoliâ€¦ <link>",1,0
131,no more instagram. we must all return to scrapbooks.,1,0
132,"apparently it's the biggest ask on the planet to find decently priced sandals with an enclosed toe. PLEASE, INTERNET. I just want to have vaguely summery shoes that don't involve me having my toes out to the world at all times lmfaoo",1,0
133, Sureeeeeee you do,1,0
134,I too enjoy making shit up and pretending like I understand basic economic principles <link>,1,0
135,Tell my 18 month old to not put what is in her hand into her mouth. Her solution: try to shove it in Mom's mouth. #olilogic,0,1
136,"employer: so what are your strengths
me: iâ€™m smart iâ€™m funny iâ€™m nice iâ€™m cool iâ€™m creative iâ€™m hardworking iâ€™m made of wood iâ€™m honest iâ€™m fast iâ€™m awesome iâ€™m hot iâ€™m chronically ill iâ€™m little iâ€™m in demand iâ€™m",1,0
137,"i no longer sympathize with college students and finals. been there done that, ive done worse",0,1
138,"Congratulations to Trump on his second impeachment. Itâ€™s a tremendous achievement borne of hard work, focus and dedication. Record breaking. Historic. Bigly. #ImpeachmentDay #TrumpImpeachment2",1,0
139,They really took friends off Netflix ğŸ˜­ğŸ˜©ğŸ¤¦ğŸ¼â€â™€ï¸ what am I suppose to watch now??!??!!,1,0
140,Just watched a man smoke crack on the R train in front of 3 families. New York is healing âœ¨,1,0
141,"No joke, air-fried Twisted Teas are THE BEST.",1,0
142,"If you joined our girl friend group, youâ€™ll literally break up with your bf sooner or later",0,1
143,casey anthony killed i saw on cams,0,1
144,"Hearing I love you is nice and all, but has your SO ever told you to eat shit? ğŸ˜ğŸ˜ğŸ˜ ugh ",1,0
145,really honoured to have shared a coach today with a group of girls who didnâ€™t know downing street was real and thought the prime minister and the queen lived together at buckingham palace,1,0
146,I wish that grilled cheese helped you get that summer bod,1,0
147,Oh no here comes the sushi craving ğŸ˜«,0,1
148,Not even close to pretty but much needed 3 points ğŸ”´âšªï¸âš«ï¸,0,1
149,"""calm down, I've only had it a couple weeks"" ğŸ¤¨ğŸ˜’",0,1
150,Why are the side effects of antidepressants so âœ¨scaryâœ¨,1,0
151,"So, a country that is trillions in debt, with numbers approaching 13 million on surgical waiting lists and hurtling towards facism regime, is talking about rescuing people from a facist regime?",1,0
152,Social Care for the young is basically a bath board and bed rest and your done.,1,0
153,"For a good laugh, follow me over on  to see my best attempt at covering sports business news for class this semester.",1,0
154,"New levels of desperation: sleep is now truly insignificant to me. In fact, itâ€™s a downright annoyance.",1,0
155,I just donâ€™t think itâ€™s too much to have a perfect life with absolutely no problems ğŸ¤·ğŸ»â€â™€ï¸,1,0
156,Love a good cry ğŸ‘ŒğŸ»,1,0
157, Number one lesson: 20 years on and we still have enemies.  Test this against ANY 20 year span in our history.  Resist those who will dominate you!,0,1
158,If only people would care as much about poverty and social equality the way they do jumping up and down for Team Remain or Team Leave.,1,0
159,Inspired by the â€˜dinner with Jay Zâ€™ guy still going strong. I choose now to believe him,1,0
160,it's all about women in stem struggles. what about women in interactive media struggles: i no longer win against my friends in smash because they major in goddamn video game.,1,0
161,#HappyBirthdayKeanuReeves Keanu Reeves is so wholesome â˜ºï¸,1,0
162,James Harden is allowed to travel every time he drives apparently,1,0
163,Canâ€™t wait to see Ed sheeran at tramlines tomoz x,1,0
164,Wow it's almost as if it's their literal job to have a lot of knowledge about a wide array of subjects.. Funny that <link>,1,0
165,"Wait didnâ€™t covid go away?? Itâ€™s after November third so it definitely should be gone now...wait...Iâ€™m confused...121,000 cases in a day? Youâ€™re telling me THE WHOLE WORLD didnâ€™t fake a pandemic for the US election? No way...",1,0
166,Are jacket potatoes only good for the toppings that go on them?,0,1
167," I choose to interpret it as ""XD"": the universal emoticon for laughing at those poor, poor folks in Ubisoft's marketing department who have to deal with that branding until the servers quietly shut down 8 months after launch.",1,0
168,"If your website still has a google plus share button, forgive me if Iâ€™m not tripping over myself to take your information as credible or current.",1,0
169,"Queer marriage is not allowed because it doesn't follow the ""age-old customs, rituals, practices, culturla ethos and societal values"", but all cis-men can commit infidelity with no consequences. Happy fuckin Pride people ğŸ™ƒ #SupremeCourtofIndia",1,0
170,mentally Iâ€™m hiding in the walk-in,1,0
171,  Specialty starter or light bite featuring laverbread.,0,1
172,maybe i am a cyber bully,1,0
173,  can i use this chiamus for my ap lang speech about parallelism lmao,1,0
174,watching tik toks at full volume in the middle of the airport should be a federal offense,1,0
175,Fool me once shame on you. Fool me twice shame on me. Fool me multiple times I must have become a brexiter. #Brexit,1,0
176,The high tomorrow is 45! Anyone wanna go to the pool?,1,0
177,"I asked my husband to buy dog poo bags when he went out earlier and they'd sold out. So instead of going to another shop, he bought bin bags. So now I still can't clean up after the dog but if I happen to buy a donkey and need to clean up after that, I'm sorted.",1,0
178,"Ah yes, another afternoon with the WiFi down...really makes working from home that extra bit more enjoyable :)",1,0
179,I like making food and then not eating it to assert my dominance,1,0
180, And the hot air and BS she generates makes for a perfect backup energy source!,1,0
181,Two goals caused by two awful goalkeepers #Capitalonecup,0,1
182,"Hear me out... The lyrics in ""coney island"" should've been ""lost again with no surprises, disappointments close your EYESES"" 

Fixed it for you  ğŸ˜‰

#evermorealbum 
",1,0
183,Nothing warms my heart more than seeing everybody come together and attack Westsideâ€™s administration â¤ï¸ #WycoPride #YeeYee,1,0
184,"On a scale from 1 to 10 how deeply was your childhood influenced by the Hannah Montana 2: Meet Miley Cyrus double album?

This is for research purposes.",1,0
185,Beautician and the Beast (1997). Best Timothy Dalton film of all time.,1,0
186,"Just signed up for Apple's Ping, told it I like 'classical' and it points me towards Lady Gaga. It takes a certain genius to be this crap.",1,0
187,"Bart is closed rn in Oakland so I canâ€™t go to work, Iâ€™m so upset....",1,0
188,What a Race ! #sarcastic #WTF1 <link>,1,0
189,"Sometimes I feel like all this effort is just like sticking diamond encrusted alloys on a knackered Corsa. I mean, shit is what it is at the end of the day.",1,0
190,Good morning September... Hello tonsillitis :(,1,0
191,"how you gonna ask me how iâ€™m doing â€œon this fine labor dayâ€ while youâ€™re off, as Iâ€™m ringing you out, on labor day.
how do you think i am ğŸ’€",1,0
192,Ok Wandavision is good,0,1
193,Iâ€™m still confused about DaBabyâ€™s point? Like would you have said â€œeverybody without cancer out your lighters upâ€??? like what sir <link>,1,0
194,"   I did too, and I also reported Cancun Cruz not worrying about the heartbeats of his constituents without electricity or heat when he fled to Mexico.",1,0
195,"first day of work, and iâ€™ve already cried on the job ğŸ‘",1,0
196,I changed out of my pajamas today and I think thatâ€™s really brave,1,0
197,not to alarm anyone but i just saw spider-man by uta,1,0
198,"hello to all three of my followers, this is my big return to twitter",1,0
199,Rubbing my tears into my face is part of my skincare routine lol,1,0
200,"Are the #Gogglebox cast told to sit in the same place week in week out, or is that just human nature?",0,1
201,Itâ€™s sad.. guys make me want to stay single more and more everyday. Guys Respect your ladies please. Stay out of my dms especially if your married or just had a kid ğŸ¤¯,0,1
202,"Just watched the Murray game and BBC commentary after. Isn't ""Andrew Castle"" cockney rhyming slang for something? Should be.",0,1
203,Uh oh Ben Simmons will also have a Steph Curry type season 76ers better not trade him now <link>,1,0
204,How soon is too soon to quit your first job? ğŸ¤” #adultquestions,0,1
205,Woke up at 3 am with a MAD craving for pickles. I guess that means I'm expecting!,1,0
206,Has any couple ever put furniture together and stayed together afterwards??? Asking for myself,1,0
207,My new apartment in the city is across the street from an old cemetery. How Phoebe Bridgers of me,0,1
208,"So our landlord just brought in new sofas which is lovely but in the process broke a table, someoneâ€™s cup and spilt tea on the carpet and left saying â€œyou should probably clean that upâ€ thanks Darren ğŸ–•ğŸ¼",1,0
209,"Grealish is just good. You hate to admit it, but damn.",0,1
210,"Horse dancing is my new favorite Olympic sport, I have no clue whatâ€™s happening, but this is incredible",1,0
211,a single man directed by tom ford simultaneously resurrected me from death only to brutally murder me once more.,1,0
212,we love mixed signalsğŸ™„,1,0
213,also that jacket he wore yesterday iâ€™m gonna rip my eyes out :/,1,0
214,I picked next year's musical already...Electro City. Obvious choice.,1,0
215,Happy Cinco de Mayo to all my three taco eaters out thereâ€” being full after two is a sham and out right lie,0,1
216,we love when the power goes out at 6:30 in the morning on a wednesday <link>,1,0
217,"Dear 

I see your enticing #Thanksgiving offer that ends on 2 Dec.

I wanted to ask if you're aware that #Chanukah starts on 10 Dec, continues for 8 days and that traditional Chanukah fare is actually #DOUGHNUTS ?? ğŸ©ğŸ©

#justsaying #AskingForAFriend  #opportunity",1,0
218,How is it possible that Sly Stalloneâ€™s â€˜Cobraâ€™ is both the best and the worst movie ever made?,1,0
219,"you like ketchup but not tomatoes???

grow up",1,0
220,Funny how my phone starts turning into a piece of shit when the new iPhone comes out ğŸ¤”,1,0
221,"  I'm not sure why they shot him,  it would help if we could see both sides of what happened.",0,1
222,"""Jane the Virgin"" using the Meisner repetition exercise as a psychology technique. Haha! Love it!!",0,1
223,Been trying to get my boyfriends attention. Letâ€™s see how long it takes for him to see this tweet tho.,1,0
224,"ATandT is truly amazing
They think my lg g7 is 3g only to the point where they sent us Walmart Altec phones and said they'd shut off service.
We called them, they told us to not worry and if the phones are fine they wouldn't be shut off
Guess what got shut off this morning? LOL",1,0
225,I never feel more empowered than when Iâ€™m listening to â€˜this is meâ€™ from camp rock,1,0
226,Putting the toilet paper roll on so that it hangs under instead of over is a crime worthy of the death penalty,1,0
227,I get a lot of boy who cried wolf vibes from the Red Cross and their emergency blood shortages all the time,1,0
228,Just realized I donâ€™t have more than 3 full weeks in a row at work the rest of the year. ğŸ’ğŸ¼â€â™€ï¸,0,1
229,"I can't wait to name my children after things I will never have. 
My daughter will be Hope. 
My son will be PS5 because that shit is expensive.",1,0
230,"Just got in, howâ€™d Liverpool get on?",1,0
231, You completely deserve it and are crushing it 100% ğŸ¤§â¤ï¸ which reminds me I need to get @ you about having one of your Aggretsuko covers made into a print for our Sanrio theme bathroom b/c no have no wall art up,0,1
232,too many dudes are wearing birks with socks on. grow up. get the fucking toes out man.,1,0
233, will you be getting more stock of the older school trousers in? Been trying for weeks now to get age 15-16 with no luck.,0,1
234,"just booked to see David Gray too,,, am i 40",1,0
235,Maybe if I watched suits in year 12 Iâ€™d be studying law rn,1,0
236,alright Iâ€™m ready for some march madnessğŸ€ğŸ”¥,1,0
237,"Ah yes, it really is wood-burning stoves in sub-Saharan Africa thats driving the climate crisis ğŸ§  <link>",1,0
238,Worked out 2 days in a row. I am quite literally the epitome of health and fitness,1,0
239," red among us guy, hes hot dont come for me",1,0
240,Just redownloaded the  app - let's see if it improves my exercise routine!,1,0
241,"Final: Red Sox lose to the Rays, 8-1. 

Less than 24 hours after scoring 20 runs â€” the Sox finish with just one run off of two hits.",0,1
242, But how can we possibly deal with a human experience we haven't first relentlessly quantified???,1,0
243,Sick of being healthy already pissing like a racehorse !! Keep Well hydrated Han 4th litre of water ğŸ’§ğŸ’¦,1,0
244,my neighbors taunting me outside my office window by chilling in their hot tub every remotely warm day whilst I sit here on back-to-back zooms all day every day. the audacity is astonishing.,1,0
245,Falling asleep at your laptop is always fun,1,0
246,Democrats do realize that if In fact trump loses he will run again in 2024 and they will have him for 12 years instead of 8 #MAGA2020,0,1
247,we happy!!!!!!!!!!,1,0
248,  They are legally entitled to ask for asylum.,0,1
249,"  Ahh yes, quick peek at your page and you obviously know everything. Thank you for the enlightenment.ğŸ˜‚",1,0
250, I thing you might be on to somethink!ğŸ™„,1,0
251,Breaking news:  is going back to  Wow! Just Wow. What a  signing. What a transfer window for United. What a home coming. Love it.,0,1
252,â€œThe App Store [is]... an economic miracleâ€ ğŸ™„ but Apple magic not working today at #AntiTrustHearings #Apple stifles innovation that is the lifeblood of our economy. -Lucy McBath speaking some truth today #HouseJudiciary <link>,1,0
253,Mehâ€¦Drakes album. Donâ€™t feel like thereâ€™s a song on there that I wanna listen to twice. Maybe it will grow on me ğŸ¤·ğŸ¼â€â™€ï¸,0,1
254,I'm enjoying this  tournament WAY more than I expected. And I already came in at an 11. Loud claps. Jumping around my living room. #JeopardyGOAT,0,1
255,someone hit me w a horse tranquilizer istg ive been in a pool of sweat for 6 hours and i havent slept im so tired but i love my friend so much and oh my fucking god i cant rn,1,0
256,thats it im packing my things and moving to italy see u all in a month xo,1,0
257,HmMMMmMM four days off for the holiday + crappy weather = mini personal writing retreat? I like it.. I like it a lot,0,1
258,"Maybe if we didnâ€™t comment on things that donâ€™t concern us, the world would be a happier place?? But what do I knowğŸ¤·ğŸ»â€â™€ï¸",1,0
259,ugh I have to send an email??? how about I just quit!!!!!,1,0
260,"I think this is growing up...I never watch vh1 or MTV anymore, only hgtv and the food network...oh and of course SVU",0,1
261,Lil Pump is the Nelson Mandela of our generation,1,0
262,"    It's probably something closer to Xenophobia. Which is someone hating someone else just because they're foreign. I mean, you are an English teacher, aren't you? Figured you might know that.",0,1
263,Why are tanning beds legal?,0,1
264,How about Trump taking credit for freeing Alice Johnson when we all know it was  that facilitated that. #kkw2022,0,1
265,iâ€™m gonna get a boob job so i call myself a customizable doll,1,0
266,Tinnitus is my favourite thing ever I love it. So loud so atmospheric <link>,1,0
267,Having morning sickness when you're not actually pregnant is all the fun,1,0
268,It really bugs me when teachers uncap and recap highlighters three or four times per book when marking - Poor time management! #efficiency,1,0
269,my cat always sleeps on the very edge of the bed even when i invite him up for cuddles. he so polite ğŸ¥²,0,1
270,Iâ€™m well taken care of over hereğŸ˜ŠğŸ˜Š,0,1
271,sadly the only reason i stop making tiktoks is because my phone is about to die....,0,1
272,  Very good. Just need to work on your spelling now ğŸ‘,1,0
273,Having a bad week but what else is new!! At least I finally got paid ğŸ’•ğŸ˜­,1,0
274,Chris Krebs: There is no foreign power that is flipping votes. There's no domestic actor flipping votes. I did it right. We did it right. This was a secure election <link>,0,1
275,"So now that it's not getting banned, should I download TikTok?",1,0
276,It's been a productive last day. Maxed Out all my credit cards in preparation of my Rapture tomorrow!!! #iwishwehadallbeenready,1,0
277,Less than 48 hours 'til Bonnaroo and I'm so hyped. ğŸ‘ŒğŸ»ğŸ”¥ğŸ™ŒğŸ¼ cannot wait!,0,1
278,Someone on reddit the other day said that I 'ooze enby energy' and I've been riding that high for the whole weekend.,0,1
279," why does Alexa UK not get improvements like Guard, Adaptive Volume, Male voice? Should we pay less for the devices than the US equivalent?",1,0
280,Thank you to  for organising pizza and ice cream! It was a lovely end of year gesture ğŸ˜ğŸ’• Happy holidays everyone - time to collect our time owed in lieu! ğŸ˜… #summerholidays <link>,1,0
281,"Day 3. Luggage arrived, thanks  Non random Hungarian underwear. Talk delivered. Science sated. #metaxa <link>",1,0
282,Not at all concerning that a man's just been round to fiddle with the boiler and now he's left the carbon monoxide alarm won't stop beeping,1,0
283,My dream is to be left alone.,1,0
284,Most people have security cameras for protection. Ours acts as a DVR,1,0
285,Hahahah  is shutting down the entire campus for quarantine!! Couldnâ€™t happen to a nicer group of Covid deniers! #CovidIsNotOver #karmaisabitch #Covid_19,1,0
286,Pregnant and constantly crave KitKats. I literally have been living off of them for the past 4 months.  ,1,0
287,"Day 38 of quarantine is an interesting time to get a new drum kit, neighbor",1,0
288,so the royal family is sound with pedophiles but as soon as a mixed race baby comes into it theyâ€™re scared ? makes sense ğŸ¥´,1,0
289,Don't let people walk all over you. Or breathe on you. Either one.,1,0
290,The only thing I got from college is a caffeine addiction,1,0
291,No longer a female as I refuse to wear heels ever again,1,0
292,me and noah forgot that today is our anniversary. if that isnâ€™t couple goals then idk what is ğŸ˜Œ,1,0
293,only have to physically be in uni for an hour a week looool mmmm take my 9k xxxxx,1,0
294,"when i was taken off anesthesia today, i told my mom that i was on chopped and that i didnâ€™t do well",0,1
295," Ahahahaha the Feeya I know and love, miss u ğŸ˜¢",1,0
296,"I've made a roommate complain tweet every day, and he's done another thing, but I'm tired of negativity so I'm gonna list all the things I like about him! 

Here they are:",1,0
297,every time i send my mom pictures of me and one of my friends doing fun things the first question she asks is if we're on a date what are you trying to tell me mother,1,0
298,i went outside today and suddenly my depression is cured,1,0
299,dude trump and his ~fandom~ are nuts. what the fuck is a normal reason you don't want everyone's vote to count?? you say america is great because of our freedoms and then DENY them? it's so childish and embarrassing,0,1
300,  Cade Cunningham is my favorite basketball player please 2K ğŸ™ğŸ™ğŸ™,1,0
301,So in other news I just held the door open for Bam Adebayo and then I fell down the stairs and I think I broke my finger.. ya I'm THAT smooth,1,0
302,Always glad to live in Kent ğŸ™ˆğŸ™ˆ,1,0
303,I love not being pregnant so much itâ€™s my fave thing about myself,1,0
304,"Get ready for the next big horror game this season, Slender Suburban Man",1,0
305,'but that's different' is never a valid argument,0,1
306,the only ppl who should be worried about Bidenâ€™s tax plan r the ones who get gifts for easter,1,0
307,the waitress at waffle house handed the check to me instead of noah. ğŸ˜Œ #girlboss,0,1
308,Day 3 of night shift: â€œCan I get a triple shot puppuccinio?â€,1,0
309,iâ€™ve never had protected sex,1,0
310,"Nothing can be further from the kickoff of the NFL season than a pre-game performance by Ed Sheeran.

Nothing against him but he just doesn't inspire me to watch football.

#Football #NFL #Weak #TestosteroneDeficiency <link>",1,0
311,you know whatâ€™s a novel concept? rapists and sexual assaulters not only ruin the lives of their victims but also THEIR OWN LIVES. yeah. not the victims testifying. maybe if you didnâ€™t want rape accusations then DONâ€™T RAPE. also a novel concept.,1,0
312,    It geta weirder and weirder and I think the only good guy was a drug dealer that has actually murdered people.,0,1
313,How DARE my friends have jobs/boyfriends/lives they should consider my feelings and be free when I am,1,0
314,I may look happy on the outside bit on the inside I'm dying #painful #sad,1,0
315,Thereâ€™s no way Godzilla loses right? Heâ€™s literally fought worse kiaju before and still won ğŸ¤·ğŸ½â€â™‚ï¸,0,1
316,do people with clear skin feel accomplished?? superior??? comfortable in their own skin???? whatâ€™s that like lmfao,1,0
317," Yo jim I put my life savings in $didi at $16 as per your request now me and my family are eating MREs in full survival mode

What should I do?",1,0
318,"Let me guess, it has to be Charlotte Tilbury makeup. And if by chance you do take it off, use Charlotte Tilbury skincare <link>",1,0
319,  Did you even watch a single la Liga madrid game last season bruh Varane isnâ€™t that good anymore,1,0
320,Just getting some WD40 on my letter box to help the poor postman with his delivery today #valentinesday2021 #WD40,1,0
321,Iâ€™m ready for Lockdown #2. I need to make better bread.,0,1
322,"the audacity of the neighbors to mow the lawn while i'm trying to sleep, at 6:30pm",1,0
323,"our lord and savior, frank ocean, has saved us all once again.",1,0
324,â€œitâ€™s hotter in the america right now and it feels fine british people are just being dramatic ğŸ™„â€ QUICK ARE YOU SAYING THIS INSIDE UR AIR CONDITIONED HOUSE â€¼ï¸â€¼ï¸â€¼ï¸,1,0
325,Well. That went well. #BelgianGP,1,0
326,"oh also, my song with my middle school boyfriend was â€œ143â€ by Bobby Brackins!! i really peaked geez",1,0
327,Why would Alexa's recipe for Yorkshire pudding be a bhaji yorkshire pudding ?? ,1,0
328,"not to brag, but my thesis topic was so good that someone else published on it three months ago ğŸ™ƒ",1,0
329,The villains in super hero films are awfully polite. They always confine their invasions to being above one particular city,1,0
330,hot girls have tree shaped dents in their rear bumpers â¤ï¸,1,0
331,started taking my medicine again letâ€™s see if i stick to it this time â€¼ï¸,0,1
332,"So, very delayed flight from Bristol to Edinburgh  trademark vagueness from staff, with a chronic lack of empathy to boot (despite me travelling with three young children)... now, time to feed our family with Â£3 vouchers (at airport prices!) #bollocks",1,0
333,imma still vote for vermin supreme this presidential election ğŸ˜¤,1,0
334,Kepa had a great game,1,0
335,If you don't like Lemonade you're an extremist ğŸ‹,1,0
336,Hate this site [CHIRPBIRDICON],1,0
337,ğŸ’• tip for baking bread! ğŸğŸ¥ğŸ¥– you can use the yeast in your dog's ears to substitute active dry yeast or instant yeast in a pinch! ğŸ’•,1,0
338,"Wizkid is the king, ok lol",1,0
339,Resisting homemade cheesecake at work for 3 days in a row. I should get a medal!,0,1
340,complained about my job for weeks but i just cried after my last shift :(,0,1
341," Well done Mark, youâ€™re smashing it!",0,1
342,did anyone else get a notification from  saying american horror story s9 was available but doesnâ€™t show up when you search for it?!,0,1
343,"Another Sean Lock moment, I cant remember when or from what set, but ""shark attacks only happen when you are wet"" still makes me chuckle",0,1
344,Hey does anyone know of any organizations that have massive stockpiles of money that could be super useful to the world during a public crisis?????,1,0
345,"  If you say grÃ¢ce like ""gra"", you actually end up saying coup de gras which means blow/stroke/hit of fat",0,1
346,"What a showing from the whole squad. Champions down, Grealish and Sterling pocketed, no Kane needed, Dreamland. COME ON YOU SPURS #COYS #TOTMCI",0,1
347,"Started watching house of cards, 4 episodes in. Already I can see it was a good choiceğŸ˜„",1,0
348,Is there a zombie apocalypse going on upper street,1,0
349,Whoop diddy scoop poop,1,0
350,Wtf is a Justin Herbert,1,0
351,going to be running on three hours of sleep at work tonight! so excited!!!,1,0
352,"Enjoy the bars and vineyardsâœŒğŸ»
Make sure to send postcards to the people dying in your local hospitals.  Iâ€™m sure theyâ€™ll be glad youâ€™re not bored anymore",1,0
353,it's too bad i forgot how to play my clarinet so close to my recital,1,0
354,"""You think you're better than us because you're vaccinated??"" Uh, yeah, yeah I do",0,1
355, Imagine being allergic to sunlight and thinking you're God's favorite. ğŸ˜,0,1
356,"Where does Twitter go shopping?

Went to the supermarket earlier and shelves full as usual. Only item I couldnâ€™t get hold of was British: large jar of Colmanâ€™s mustard (much better value than the smaller ones)",0,1
357,Kind of rude of my stomach to still make whale noises after Iâ€™ve given it a whole protein bar,1,0
358,Do you think anyone on Bachelor in Paradise has seen Oscar winner Parasite?,1,0
359,There is not enough people here #ivoryrooms,1,0
360,Anyone else wanna ruin me day x,1,0
361,Sitting next to the world's loudest mouth-breather on the first day of class did a really good job of demystifying grad school for me today,1,0
362, Neighbours,1,0
363,"  â€œPlease get a free shot or take a once weekly nose swab. We will literally pay you to take time off to get the shotâ€- Czar Nicholas, King George, Charles I, and so on.",1,0
364,fully vaxxed feeling very girlboss,1,0
365,Itâ€™s been a blissful 2.5 hours of sleep tonight,1,0
366,Why are toddlers allowed in public spaces,1,0
367,Why was I not told Matthew Stafford and Cooper Kupp eat breakfast together before I drafted Robert Woods over him?,1,0
368,me not turning up to work is a feminist movement actually,1,0
369,"hello i woke up last night to myself grouping psychoactive drugs out loud in my sleep-iâ€™m so ready for finals to be over, wow!",0,1
370,Thanks  for losing my parcel but giving me someone else's. I'm nice enough to go give it to them though. Please DM me back soon ğŸ˜,1,0
371,"I spend the day sitting or napping, I ration my food like a psychopath, and I take one walk a day. I am my dog. #Covid_19 #CoronaVirusUpdate",1,0
372,I'm the highest I'll ever be on 420 in my life! I'm on an airplane duh,1,0
373,This thunder is making me so home sick for WI ğŸ¥º Thunder storms were my favorite part of summer and i will never forget the beauty lighting arcing horizontally across the sky over Lake Michigan,0,1
374,Iâ€™m on a serious treat myself kick and Iâ€™m not mad about it,0,1
375,My favorite thing is that literally ONLY my  says I have to have a prescription for syringes that I've been getting OTC for years. This is the kind of shit diabetics are facing.,0,1
376,"Drop in Center to let people get the 1st or 2nd Vaccine open today . I went thinking I was able to get my 2nd one .
Wait in the que 30 mins .sits down arm ready to get ! 
Sorry your 12hrs to early !!! 
We cannot vacinate you till 56 days !!!  #Seriously",1,0
377,thanks  for ratting my location out on stream and then embarrassing me ğŸ˜‚ it made my day though <link>,1,0
378,Mine and  snapchats are just stunningğŸ‘Œ,1,0
379,if anyone sees me listening to tavern music or sea shanties on Spotify no you didnâ€™t,0,1
380,itâ€™s been 20 hours and i want another chai latte with pumpkin cold foam i canâ€™t afford this!,1,0
381,you would think the odds of me sitting next to the exact same stinky man three bus trips in a row is highly unlikely. alas I seem to be a lucky gal,1,0
382,"Pissed off at  and just want out of my contract, but I'm sure that would just be way too easy, ugh :(",1,0
383,  Yes the racist is so cool!!!,1,0
384,Someone shouldâ€™ve had me committed the day I decided to buy a pair of non-stretch denim jeans,1,0
385,do you think when a middle aged white man goes to buy a big lifted brand new F150 they check to make sure his penis is incredibly small?? or do they just take his word for it,1,0
386,cold queso is so much better than warm queso <link>,1,0
387,why are the olympics worried about athletes having too much sex when the curling teams don't even compete in the summer games,1,0
388, Would love a cheeky McDonaldâ€™s breakfast before a busy day at work would set the day off on the right foot ! ğŸ’“ #FancyAMcDonalds,1,0
389,"For the first time my outfit doesn't have black in it. 

Proud of myself.",0,1
390,Raging debate on the importance of an Orlando Magic Summer League Championship. Definitely a notch below 6 if decided by coin flip. <link>,1,0
391,ik the republicans r like tryna say they won but idk why they donâ€™t just settle this w an instagram poll??,1,0
392,Just tested my egg drop at my apartment complex and it fell on a manâ€™s head :) but no worries he was bald so the yolk just wiped right off,1,0
393, Do you know of any good chippies in the Crewe area?,1,0
394,Iâ€™m really looking forward to not hugging my friends and family through choice rather than by law.,1,0
395,"So I have an exam tomorrow, but likeee if the country is about to turn into a war zone does it really matter??",1,0
396,Stop gatekeeping retirement living communities. I am mentally and spiritually ready to move in.,1,0
397,"I wish Facebook would introduce a â€˜rudeâ€™ option on its â€˜likeâ€™ panel.
I feel â€˜wowâ€™ doesnâ€™t cover it. Maybe it could be a middle finger.",0,1
398,ima get up early tomorrow and make some tea and sit on the patio oh how I love to imagine things im never gonna do,1,0
399,"  Fuck you got me there, you better get back to getting upset and jealous over successful and talented boxers",1,0
400,Elaine Quijano exhibits roughly the same amount of control over this debate as two rabbits do on their first date.,1,0
401,accidentally followed CCD guidelines instead of CDC guidelines and now i have covid AND catholic guilt :/,1,0
402,it's funny my mom thinks i possess no remorse when i feel remorse everyday for existing ğŸ˜,1,0
403,me with an 8am chem lab on fridayğŸ˜­ğŸ˜­ <link>,0,1
404,So excited to start this job!ğŸ˜Š,1,0
405,craving an ice pick lobotomy on this Friday afternoon,1,0
406,"finished the queen's gambit, i loved a look into the 1960s in the american south with no racism just vibes",1,0
407,So nice of my family to decide that Iâ€™m hosting a Motherâ€™s Day brunch for everyone at my house. <link>,1,0
408,Can't wait until I live to be 110 years old and I have people asking me how I've lived for such a long time so that I can make up some hyper-specific secret to longevity that people will inevitably follow,1,0
409,Death by Zara fitting room,1,0
410,shoutout to the kid who brought a pineapple to hc and threw it around #madrespect,1,0
411,"North Dakota: *has one decent week of weather*
Mother Nature: NOW I SHALL CAST OUT THE SUN AND BRING THE COLDEST OF RAINS UPON THY SUPER, DUPER FLAT LAND.",1,0
412,"Youâ€™re all sickos for being mean to Trump so much for the tolerant left ğŸ™„

anyways George Floyd had it coming",1,0
413,"New doctor: sexual preference?

Me: what are my options?",0,1
414,I miss walking up 3 flights of stairs for class and having to catch my breath in the bathroom ğŸ˜©,1,0
415,naming my son onickolas in honor of my love for ,1,0
416,i hate it here â¤ï¸â¤ï¸â¤ï¸â¤ï¸â¤ï¸,1,0
417,Lol at my life :),1,0
418,"Seeing as Kanye West has a range of clothing with Gap, how about me and you do a collab ",1,0
419,"My (extended) fam was discussing going on a trip instead of getting presents for Christmas, like okay Iâ€™m bout it...
Yeah they were talking about doing to the dells. Iâ€™ll take my god damn presents thank you very much",1,0
420,True bliss is laying in an ice cold bath during the hottest part of the year,0,1
421,"ANY PENSIONER AND 4 YEAR OLD WHO DARE TAKE ME ON AT DINOSAUR THEMED CRAZY GOLF WILL BE CRUSHED, CRUSHED I TELL YOU. <link>",1,0
422,Getting a dog was single handedly the best and worst thing Iâ€™ve ever done..canâ€™t imagine life without her and I canâ€™t live without her.. Make sense?,1,0
423,"Ok, so  and I decided to record on the evening of the 6th, just as absolutely nothing newsworthy was happening! Perfect timing as always, to go over some of the best ITSBUPs of 2020 - and how we're settling into 2021! Listen: <link> <link>",1,0
424,Lol those tea towels your parents could buy when you were in reception at primary school with all the wobbly self portraits,0,1
425,everytime i swipe through bumble when iâ€™m bored i just get sad that no one has the same complex interests as meâ€¦.rude ğŸ˜¤ğŸ™„ /j,1,0
426,Jaegermeister did 9/11,1,0
427,went to check out the bios of the (exclusively) hipster dudes that work in a rival boutique goods store and found out they all traveled internationally during the pandemic ğŸ™ƒğŸ™ƒğŸ™ƒ,1,0
428,Entry level jobs that require 3 years prior experience ğŸ’•ğŸ’• ly ğŸ’•ğŸ’•,1,0
429,my hobbies include leaving projects for the night before and then complaining that the teacher didn't give us enough time ğŸ™ƒğŸ™ƒ,1,0
430,"Not got one lynx Africa for Christmas Day this year, shocked and outraged. #RuinedChristmas",1,0
431,  sounds like the american dream ngl,1,0
432,Loving season 4 of trump does America. Funniest season yet #DonaldTrump #Trump #MAGA #MAGA2020,1,0
433,"  Youâ€™re right, itâ€™s all one big conspiracy. You should boycott the NHS too, theyâ€™re in on it as well",1,0
434,   Michael Saylor is efficient in his line of questioning. Feels like more an interrogation ğŸ˜‚â­•ï¸,1,0
435,I love the feeling of not studying enough and studying too much. There is never a middle ground during final season of law school,0,1
436,Itâ€™s funny that you guys thought sports mattered during a pandemic. I simply can not imagine caring about a winning streak rn.,1,0
437,Imagine not liking football ğŸ¤£,1,0
438,"You know the one thing I really wish I could see? I want  a Piers Morgan esque interview with #LilleeJean where she's forced to explain her shitty behaviour and see if she storms off or comes up with some BS to make her look cute and innocent.

It'd be a fun watch.",1,0
439,iâ€™m dying,1,0
440,I love giving a lecture to grad students on a topic I don't fully understand at 9:30am &lt;3 i need a coffee lmao,1,0
441,"Thinking about that time Blizzard had the brilliant idea to change everyone's name on their forums to their real names. God, what an idea that was.",1,0
442,Monkeys are ğŸ‘ğŸ½,0,1
443, thx for the play by play,1,0
444,â€˜Itâ€™s only a gameâ€™ ğŸ¥´ğŸ¥´,1,0
445,The fact I nearly froze on my way to work this morning is definitely a sign it's not summer anymore #freezing,1,0
446, crispy all day every day over here âœŒğŸ»,1,0
447,pay it forward is honestly one of the worst movies I've ever seen why would would anyone make an ending so sad I've been crying for 30 min,1,0
448," itâ€™s true, every time my little cousins put on their masks they choke to death and have to be revived. itâ€™s very stressful for us.",1,0
449,"""are you experiencing suicidal or homicidal ideation?""
""only while trying to talk to a human when I call  pharmacy""",1,0
450,What a wonderful time to have your AC go out <link>,1,0
451,"  Yes, because we need literally every single fucking celebrity to speak up on a topic that's been forced down everyone's throats for the past four months. I use the internet to get away from these fucking real life problems; not everyone needs to weigh in.",1,0
452,". is 100% going to post another photo with 5 holes in a fence 5 days before Lover is released, isnâ€™t she?",1,0
453,Perk of being ill is having my dad treat me like the queen for the week,0,1
454,every date I go on I get a little scared will be phone swap,1,0
455,i would rather be outside reed timmers car in f3 tornado winds than go to work today,1,0
456,Iâ€™m done being replaceable to my â€œfriendsâ€,0,1
457,I hate you so much ,1,0
458,"""friends""",1,0
459,"Well, what a way to ruin Easter. Thanks  <link>",1,0
460,"itâ€™s amazing how many people get mad at you for simply Raising Questions, such as â€œwhat if the vaccine makes your balls inflate like helium balloons and cause you to float away to never be seen againâ€",1,0
461,rewatching degrassi for the millionth time,1,0
462,if jesus was resurrected again i would vote for him,1,0
463,babe stop iâ€™m about to gleek,1,0
464,omg my ships are gonna love what taylor swift has done for them,1,0
465,"Funny Quote of the Day: ""I believe in luck: how else can you explain the success of those you dislike?"" - Jean Cocteau",1,0
466, Very nice. We're now briefly up to date. Hopefully doesn't take you so long to do the English release of the new pixie after we get 9.10.,1,0
467,"If u watch the game at my house and u talk during Cal's halftime interviews, my dad will frantically shush u and say ""God is talking!""",0,1
468,okay but like the say so song ainâ€™t that bad. Iâ€™m unironically jam to it lmao,1,0
469,i wish i could tap in to the government bank accountğŸ™„ğŸ™„ğŸ™„,1,0
470,who needs an alarm when u can have the low rumbling voice of a stranger to wake u up in the morning ğŸ¥°,1,0
471,My mouth while drunkâ€¦.. unstoppable,0,1
472," I say he's still pretty wiley.  A touch (?) of senility might be turbo-charging his wileyness, and he naturally loves the attention of his courtesan 'handlers'.",0,1
473,stop because i just thought of the cutest caption for when i get in a relationship. â€œiâ€™ve finally found someone to watch stranger things withâ€ ğŸ¥º,0,1
474,iâ€™m now reading 4 books at once what could go wrong ğŸ§¡,1,0
475,wouldnâ€™t it be cool if i could spontaneously combust,1,0
476,"Roses are Red
Violets are Blue
My first love was Championship Manager
Tommy Svindal Larsen and Kennedy Bakircioglu 

#HappyValentinesDay",1,0
477,"Are GoFundMe accounts a form of socialism?  I donâ€™t have enough money to pay my bills, so let me create an account an ask for money to help pay my bills. ??",1,0
478," ""But it's a deterrent"" ğŸ™„",1,0
479,Drum and bass is dangerous stuff don't you know.. #FabricReview ğŸ™ğŸ»ğŸ™ğŸ»ğŸ™ğŸ»,1,0
480, Based confidence and believing in proper eye contact-pilled!,1,0
481,How do you figure out the guy in the office who doesn't have a smartphone? He's the one walking into the bathroom with a book under his arm.,0,1
482,"Life is so beautiful when you stop taking it so seriously. 

Like chill dude. Youâ€™re doing just fine.",0,1
483,oh cool I drive to school in less than 12 hours and Iâ€™m frantically looking up fun facts about the final destination franchise for absolutely no reason itâ€™s fine everythingâ€™s fiNE,0,1
484, Ok so when does the anger and bitterness start? Just so I can prepare properlyâ€¦,1,0
485," are basically thieves, quoting itâ€™s in the small print so you canâ€™t have a refund.
Dates moved from summer, to a 4 hour slot on a Friday evening in November which is about as much use as a telescopic sight on a knife.#WeWantARefund ",1,0
486,"I unsubscribe from being an adult, its not for me",1,0
487,watching olympic womens beach volleyball for the plot,1,0
488,I reverse imaged searched a selfie and it under visually similar images it is exclusively asian woman my am I white passing narrative is quaking,1,0
489,I can't believe today is the last day we can be gay.,1,0
490,"hey brands nobody gives two shits that ur logos are rainbow now, grow a pear and actually do something for our community :)",0,1
491,"We're on to the eat whatever i bought reduced and shoved in the freezer stage of moving out.

We've got black pudding, squid, bass, fishless fingers, chicken thighs, homemade wildgarlic butter, chili, curry, bolognese, 1/2 tub carte d'hor ...",0,1
492,2 busy working 2 care,1,0
493,can't wait to cop tickets to see the cracker quartet,1,0
494,"Iâ€™m so glad I know the quadratic formula from 8th grade instead of knowing how to pay taxes, get ready for college, oh OR ANYTHING ELSE USEFUL THAT INVOLVES BECOMING AND ADULT ğŸ¤ ğŸ¥°",1,0
495,Where is the Chancellor? Please check the back of your sofas.,1,0
496,Iâ€™ve seen a lot of people on local Facebook groups asking AirBnB owners if they have any availability recently. If only there was a website you could use to find out if an AirBnB was available ğŸ¤”,1,0
497,I'm just living off salads and yogurt and loving it tbh,1,0
498,"5:30 banshee-like kitten zoomies are definitely my all-time favorite alarm clock, and the sound of jewelry boxes flipping over and burnouts on the wood floor make for the calmest, most enjoyable start to any workday.",1,0
499,I'm A VeGeTaRiAN BuT I eAt FiSh ğŸ™ƒğŸ™ƒğŸ™ƒ,1,0
500,Only a a President as strong and decisive as  would force the FDA to OK a drug even before clinical trial results are in.  No need to wait for such silly formalities - people have been taking the drug for years and most are still alive and fine! #OkToTry #Gotrump <link>,1,0
501,this bruh rly told me â€œUr anger issues are my playgroundğŸ¥°â€   so uhh hmu if u wana be friends bc i need new ones k thx(:,1,0
502,"I swear never have a conversation with your man about getting engaged, getting married or having kids because youâ€™ll never get the answerğŸ˜‚ğŸ¤¦ğŸ¼â€â™€ï¸",0,1
503,"â€œOven ready, shove it in the microwaveâ€ and this man is our PMâœŒğŸ¼",0,1
504,"cold ears? take out one AirPod, leave it by the stove, and forget about it for 20 minutes ğŸ¤—",1,0
505,"Being a mom with an autoimmune disease means I am a grown ass woman that caught hand, foot, and mouth from my daughter. My Hashimotos sucks. Thanks for all the sicknesses I so graciously suffer and should not be suffering at 40.",1,0
506,"""your pronouns are what's in your pants"" ok. juicy/dumper",1,0
507,Corsodyl failing to consider i like being a person who spits blood when they brush their teeth,1,0
508,If anyone wants to know how my nights going I tried making a private story on Snapchat and instead made a group chat... I hate my life,1,0
509,The fair-weather fans in all of these threads. Wake up call. Fleury is a human being. Surprise!,1,0
510,Does anyone not know Prince Harry got engaged? I donâ€™t think thereâ€™s been enough in the news about it.,1,0
511,We really need to remind people that universal healthcare means never needing to sit through another annual explanation of benefits meeting,1,0
512,"   You're so close to understanding baseline biasing. You can get there, I believe in you!",1,0
513,i love talking about feminism when I'm drunk,0,1
514,IF ONLY PEOPLE WOULD RAKE THE FORESTS. #Debate2020,1,0
515,I got asked if I needed a kidâ€™s menu today...21 is treating me well ğŸ‘¶ğŸ¼,1,0
516,"I'm literally out here trading eggs for potatoes

Day 1 in our new dystopian society is going well #coronavirusUK #coronavirus",1,0
517,Mental shoot out ends. Silent pause. Sirens start ğŸš¨ Always so perfectly timed ğŸš”ğŸš“ğŸ‘ğŸ½ #LineOfDuty #LineofDuty6 #LOD6 #LOD,1,0
518,"oh sure, the micâ€™d up pitcher at the MLB all-star game can say â€œgod dammitâ€ but when my 13 year old softball player says it she gets a â€œlanguage warningâ€ ğŸ˜‚",1,0
519," agreed, this is ridiculous, gotta cop a pair",1,0
520,where can I hand my notice in for mental illness? been working at the same thing for way too long and itâ€™s time for a change.,1,0
521,im ollie im 5'8 and i think my 5'7 boyfriend is short,1,0
522,Lovely day to be stuck at the mall with a dead battery.,1,0
523,teams is down what a shame I canâ€™t do my assignments ğŸ‘‰ğŸ½ğŸ‘ˆğŸ½,1,0
524,Shaving in the shower without your glasses/contacts is EXACTLY like performing blind surgery ğŸ‘€ğŸ”ª,1,0
525,"Iâ€™m sorry, but if you message me on Instagram wanting me to help you sell your fit tea and wraps, Iâ€™m leaving you on read. ğŸ™ƒ",1,0
526,Hailey convinced Tayler that putting a spoon in the microwave to scoop ice cream faster was a good idea,1,0
527, Thank you for your well balanced and thoughtful input,1,0
528,"Tonight @ dinner I sat by and chatted w/ the former chancellor of Ole Miss, a former Miss MS, and the owner of the Miss America pageant

Casual.",1,0
529,my mom: oh i was friends with justin brinerâ€™s mom in high school and i kissed his gay dad,0,1
530,"Packing to move house, and currently wondering why I had to pick such a heavy hobby? Like, why did I have to pick reading? Books are so heavy, my back hurts. Why couldnâ€™t I have picked knitting? Yarn is light ğŸ¥²",1,0
531, Defrost the freezer with the cast of Hollyoaks. Any of them that wanted an extra fun trip could pop to the recycling centre with some empty pesto jars. Magic.,1,0
532,yes i have little interest in doing things that applies to me,1,0
533,I got called ugly on Twitter by an uneducated teen who refuses to show his face:( Iâ€™m gonna cry myself to sleepğŸ˜­ Iâ€™m in gut wrenching pain!,1,0
534,wait what the fuck that solo yolo is mad?,1,0
535,Replace Pelosi #Nancy,1,0
536," whoa! that's a little too crazy man, slow down",1,0
537,"fisher: ""i thought you said aids"" 
me: ""yeah rachel really loves aids""",1,0
538,im glad we finally have a party in opposition who are committed to taking the government to task for not making mistakes fast enough,1,0
539,Love how Kingston just ripped the buckle pad off #AEWAllOut,0,1
540,look at that grin on sir alexs face man,0,1
541,bought some index cards and a 3 ring binder the other day just so i could feel alive,0,1
542,"make it illegal to say/write ""Dems in disarray"" on account of it being stupid as fuck",1,0
543,I have more fun with my parents and boyfriend than anyone else. Is this old age?,0,1
544,Just walked past a girl wearing a yellow t-shirt that says 'Danny DeVito' on it. Now I can't think of anything else.,0,1
545,Every time I see an establishment with paper straws I turn a little bit Republican,1,0
546,Gosh sunderland twitter is a fun place to be tonight isn't it. One game. One game!!!,1,0
547,"The Drew Barrymore Show is an absolute trainwreck. Like The Tony Danza Show, every two minutes is a clip for The Soup.",1,0
548,Shout out James Boswell  #unibowl,1,0
549,Hands up who remembers when EVERY blogger and their dog was a brand ambassador for Coconut Lane ğŸ˜‚,1,0
550,first game not starting when it's supposed to? a UCF tradition,1,0
551,help! i'm being haunted by dead people! (my dissertations),1,0
552,"me: revises cells + other general biology stuff
edexcel: ""i want a fit summer bod, get them to tell me how i get one""
#EdexcelBiology #Gcses2018",1,0
553,"I suppose though, we did sign one for the future so, you know, not all gloom and doom...we might be good in 6 years time.",1,0
554,Every time I comment on a TikTok asking for captions and the creator actually starts adding captions I get a happy little feeling in my chest thank you ğŸ’œğŸ’œğŸ’œğŸ’œ,0,1
555,"It was almost 70 degrees today but no, global warming doesn't exist ğŸ˜’",1,0
556,My mam just informed me on the phone that the clocks went forward. Had no idea.,0,1
557,"Have the most balanced diet, a healthy balance of codeine, panadol and ibuprofen....",1,0
558,"Day 2348 in lockdown. Never in my life did I think I would utter the words ""I've disinfected the chocolate"". #coronalockdownuk",1,0
559,Iâ€™m in Canada so like Happy 4rth?,1,0
560,"It's nice to see some heritage organisations are doing the right thing and putting the safety of their staff, visitors and volunteers first. Wonder what that's like...
...for reasons, this is aimed at nobody.",1,0
561, what time do you close today at your Regent Street store? Thank you,0,1
562,Turned 25 today but woke up with $600 from the IRS in my bank account so quarter life crisis has been postponed,1,0
563,I've just got up at five forty five on a Sunday to watch the Japanese Grand Prix as a Ferrari fan and saw Vettel jump (and then fuck up) the start and Leclerc tangle with Verstappen on turn 2. Lovely stuff.,1,0
564,excited for my transition from a gay who canâ€™t drive to a gay that drives badly,0,1
565, Her family should definitely not seek mental health guidance.  ğŸ˜¬,1,0
566,"Wish I was the bitch that Elijah hewson fucking hated, sad :(",1,0
567,If I were the Red Sox I would simply play the Orioles more,1,0
568,I still canâ€™t believe England won the World Cup,1,0
569,do i just blast maneskin to get hyped for my osce or??,1,0
570,Ainâ€™t never really had a daddy so Iâ€™ll never really need one ğŸ¤·ğŸ¾â€â™€ï¸,1,0
571,"don't cry because it happened, smile because it's over &lt;3",1,0
572,ate a bagel with cream cheese earlier and the impending doom immediately vanished from my mind,1,0
573, And with a plentiful supply of rhubarb.,1,0
574,"Day 55 of Lockdown. Finally bought some jigsaw puzzles. Absolutely cannot wait for them to come, highlight of my day (maybe even year)",1,0
575,gaslight gatekeep girl boss,1,0
576,"Just caught Jamie talking about me with his nan, he showed her a picture he took of me and she said ""aw she's gorgeous isn't she"" MY HEART ğŸ¥ºğŸ’•",0,1
577,"   Does he order 11 at once and drink each one at just over 5 minutes, OR do we have to take into account going to the bar? Either way itâ€™s a disgrace and not what we should be promoting to the kids.",1,0
578,Idk how some girls put on makeup everyday. Is it just to take selfies or have you just not discovered netflix yet?,1,0
579,Old people donâ€™t deserve rights,1,0
580,How the heck am I supposed to show off my rad new tube socks when class is online now? DAMN YOU CORONA!,0,1
581,Update: holding hands with your mom and walking around campus also shows you're prepared for the independence college offers,1,0
582,"  Whatâ€™s more embarrassing is how terrible Florida is doing with containing COVID-19. An utter disgrace.  Wearing a mask to protect yourself and others is not embarrassing, itâ€™s leadership.",0,1
583,hey quick question is it fall or spring???,1,0
584, Riveting news.,1,0
585,"Broke: doing assignments in order of due date
Woke: doing assignments in order of priority
Wired: spending 20 minutes on each class at a time and just go down the list",1,0
586," I donâ€™t get anywhere near Â£500 a month on UC though. I basically get told â€œyou get what you get, and if you donâ€™t like it you can fuck off and die.â€

One thingâ€™s for certain, I wouldnâ€™t cross a puddle for the benefits Iâ€™m on, let alone the Channel.",0,1
587,itâ€™s literally so hard being this hot and sexy and beautiful everyday,1,0
